id,content,category
1,Retail chain opened a new distribution hub for online orders,business
2,Small shops reported stronger customer demand in the city center,business
3,Market index reached a new high after strong investor confidence,business
4,Local manufacturers raised production after new client orders,business
5,Restaurant owners expanded seating for weekend business,business
6,Insurance firms introduced faster digital claim processing,business
7,Bank loan approvals improved for small businesses this quarter,business
8,Real estate sales grew in suburban neighborhoods,business
9,Technology firms signed more office lease deals in the business district,business
10,Store owners added loyalty rewards to increase repeat sales,business
11,Logistics firms hired extra workers for faster deliveries,business
12,Farm output reached new volume through better storage systems,business
13,E commerce sellers expanded payment options for customers,business
14,Travel agencies saw higher bookings for domestic trips,business
15,Hotels reported stronger occupancy during the holiday season,business
16,Retailers launched affordable pricing campaigns for families,business
17,Packaging companies introduced eco friendly materials,business
18,Shipping rates fell and helped exporters reduce costs,business
19,Business parks attracted new tenants from tech companies,business
20,Local clinics expanded services after rising patient demand,business
21,Automotive dealers offered discounts to clear inventory,business
22,Power companies announced more solar investments,business
23,Store managers improved inventory control with software tools,business
24,Construction firms started more residential projects,business
25,Local farms sold produce online through new channels,business
26,Startup funding rose after better market confidence,business
27,Grocery stores reopened after renovation and expansion,business
28,Furniture sellers reported stronger demand from home buyers,business
29,Professional services firms hired more staff for tax season,business
30,Consumer spending increased after wage growth across towns,business
31,Food chains opened new branches in growing neighborhoods,business
32,Supply chain delays eased after transport network improvements,business
33,Banking apps gained more users for digital transactions,business
34,Warehouse operators expanded storage for seasonal goods,business
35,Insurance companies launched more flexible plans for families,business
36,Retail profits improved after shoppers returned to stores,business
37,Local suppliers won more contracts from major manufacturers,business
38,Business leaders discussed stronger digital training for workers,business
39,New delivery routes helped online sellers reach more areas,business
40,Office leasing activity improved in the central business area,business
41,City retailers introduced loyalty perks for everyday buyers,business
42,City officials announced a new traffic management plan,general
43,Public library opened a new branch in the west side,general
44,Residents gathered for a neighborhood clean up day,general
45,Students joined volunteer programs to help local schools,general
46,Community groups organized tree planting drives across town,general
47,Police appealed for public help in a local inquiry,general
48,Authorities launched free vaccination camps in rural zones,general
49,A new youth center opened with sports and arts activities,general
50,School leaders introduced evening study sessions for students,general
51,Residents called for safer crossings near busy roads,general
52,Local leaders approved funds for public park upgrades,general
53,A museum showcased history and culture through a new exhibition,general
54,City planners discussed affordable housing for workers,general
55,Public health teams promoted healthy habits in schools,general
56,Social workers supported families during the rainy season,general
57,A clinic expanded mental health counseling for citizens,general
58,Homeowners joined local workshops on home safety,general
59,Municipal workers repaired roads damaged by seasonal rain,general
60,Civic volunteers distributed food and medicine to families,general
61,Local radio featured interviews with neighborhood leaders,general
62,A public hearing addressed water supply concerns,general
63,Students participated in a citywide science fair,general
64,Residents celebrated the reopening of a heritage square,general
65,A new cycling lane improved mobility in central blocks,general
66,Municipal offices opened extra counters for public services,general
67,A local survey collected feedback on rent and housing,general
68,Art students painted murals near busy markets,general
69,Local agencies launched awareness programs on safety,general
70,An emergency drill trained volunteers for disaster response,general
71,Public transport routes were revised for peak hour travel,general
72,A community kitchen served meals for low income families,general
73,Local groups created more green spaces in crowded areas,general
74,The administration announced a clean energy plan for offices,general
75,Village workers repaired irrigation channels after floods,general
76,Civic leaders approved a plan for safer public parks,general
77,Community centers offered digital literacy workshops for adults,general
78,School teams organized a health awareness campaign,general
79,Residents helped clean riversides after a city drive,general
80,Local artists hosted workshops for young learners,general
81,Public safety teams inspected old buildings for risk,general
82,A hospital started free screening for heart disease,general
83,The town council approved a new community housing project,general
84,Residents demanded more lighting near public squares,general
85,A local clean water project expanded service to rural homes,general
86,Local football club won a close final after a dramatic finish,sports
87,Marathon runners trained for the next city challenge,sports
88,National hockey team improved passing rhythm in practice,sports
89,Coaches focused on endurance drills before the championship,sports
90,Tennis players practiced long rallies on clay courts,sports
91,Basketball team staged a comeback in the last quarter,sports
92,Youth athletes joined a weekend training camp,sports
93,Cyclists completed a difficult mountain route this weekend,sports
94,Gymnasts performed new routines at the regional meet,sports
95,Cricket tournament attracted strong spectator interest,sports
96,Soccer players reviewed video clips to improve decisions,sports
97,Swimmers set new records in the interschool meet,sports
98,Volleyball teams prepared for the upcoming league season,sports
99,Runner set a personal best in the half marathon,sports
100,Club opened a new indoor training facility,sports
101,Athletes used recovery sessions to reduce fatigue,sports
102,High school relay team won the district championship,sports
103,Coaches emphasized teamwork during tactical practice,sports
104,Tennis academy welcomed new junior players,sports
105,Local stadium installed brighter floodlights for evening games,sports
106,Boxers trained hard before the regional final,sports
107,Football club signed a promising young striker,sports
108,Riders practiced cornering on wet tracks,sports
109,Field hockey players improved penalty corner execution,sports
110,Cycling race passed through scenic countryside roads,sports
111,National team prepared for an overseas tournament,sports
112,Youth badminton players trained for state finals,sports
113,Marathon organizer added more hydration points,sports
114,Rugby squad improved defensive structure this season,sports
115,Players completed recovery runs after heavy training,sports
116,Local club won the community football cup,sports
117,Table tennis players sharpened serve variations,sports
118,Basketball league extended its season schedule,sports
119,Coaches praised discipline shown by reserve players,sports
120,Triathlon event attracted first time participants,sports
121,Swimmers trained for longer endurance sessions,sports
122,Athletics meet featured sprint and relay events,sports
123,Car racing enthusiasts watched practice sessions at the circuit,sports
124,Hockey team celebrated a hard fought road win,sports
125,Sports analysts discussed the impact of tactical changes,sports
126,Swimming coaches improved stroke technique for juniors,sports
127,A school football team advanced to the city final,sports
128,Regional volleyball final drew a large crowd,sports
129,A local cricket club opened a new training ground,sports
130,Junior athletes practiced sprint starts at dawn,sports
131,Artificial intelligence tools helped teams reduce repetitive work,tech
132,Cloud services became more popular among startups,tech
133,Software engineers improved app performance with better caching,tech
134,Cybersecurity teams updated policies after a phishing alert,tech
135,Laptop sales rose after students returned to campus,tech
136,Computer vision systems supported quality checks in factories,tech
137,Developers released a new open source analytics library,tech
138,Smart devices gained longer battery life in latest models,tech
139,Data centers adopted greener cooling systems for servers,tech
140,A startup launched a platform for local digital payments,tech
141,Mobile apps improved voice recognition for regional languages,tech
142,Engineers tested new chips for efficient edge computing,tech
143,Security patches were applied across company workstations,tech
144,Researchers developed faster models for image recognition,tech
145,Cloud storage costs dropped after new pricing plans,tech
146,Developers improved testing tools for quicker releases,tech
147,A tech company opened a new research lab in the city,tech
148,Virtual reality training gained interest in education centers,tech
149,Automation tools reduced delays in customer support teams,tech
150,Smart sensors improved maintenance planning in factories,tech
151,Software teams adopted secure coding practices in projects,tech
152,A startup built a platform for digital document verification,tech
153,Internet providers expanded fiber connectivity in townships,tech
154,Machine learning models helped forecast demand for online sales,tech
155,New wearable devices tracked daily health metrics,tech
156,App developers improved offline features for rural users,tech
157,Quantum computing researchers published a new benchmark,tech
158,Cyber training programs increased awareness across departments,tech
159,A company introduced a dashboard for live operational data,tech
160,Developers improved security checks in payment workflows,tech
161,Open source communities shared better collaboration tools,tech
162,A new chip design reduced heat in compact devices,tech
163,AI assistants supported customer service for common queries,tech
164,Remote work tools added stronger file sharing controls,tech
165,Smartphone brands introduced better camera stabilization,tech
166,Robotics teams tested warehouse automation in pilot projects,tech
167,A developer conference featured talks on explainable AI,tech
168,Tech firms invested more in junior engineering training,tech
169,Data teams adopted cleaner pipelines for reporting,tech
170,Operating system updates improved both battery life and security,tech
171,Engineers deployed more automation in routine software tasks,tech
172,A new edge device supported faster local processing,tech
173,Developers released a secure mobile app update this week,tech
174,Cloud based tools improved team collaboration across regions,tech
175,Firms adopted stronger encryption for internal messaging,tech
176,Global markets reacted to a change in oil prices,world
177,Government leaders met to discuss food security and trade,world
178,A coastal city prepared for stronger storms during monsoon season,world
179,Humanitarian teams supplied aid after heavy flooding,world
180,A new rail link improved transport between neighboring countries,world
181,International delegates discussed climate adaptation plans,world
182,World health agencies tracked disease outbreaks in several regions,world
183,A major summit focused on clean energy investment,world
184,Peace talks resumed after months of regional tension,world
185,Offshore wind projects expanded in several coastal countries,world
186,Flood barriers were strengthened after repeated storms,world
187,A trade agreement boosted exports across regional borders,world
188,A new space mission shared images of distant landscapes,world
189,Refugee camps received medical and food assistance,world
190,Election observers monitored voting in several districts,world
191,Regional leaders discussed reforms for public transportation,world
192,A cross border road project eased travel for commuters,world
193,Climate researchers reported rising temperatures in coastal zones,world
194,International volunteers joined recovery efforts after landslides,world
195,A global summit addressed urban resilience and planning,world
196,Nations agreed to share data for disease monitoring,world
197,A maritime rescue operation saved passengers from rough seas,world
198,New infrastructure funding supported rural connectivity projects,world
199,Environmental groups urged stronger pollution controls,world
200,A diplomatic mission traveled to discuss regional security,world
201,Emergency crews responded to fires near forested hills,world
202,A global partnership supported clean drinking water projects,world
203,Trade routes reopened after customs inspections concluded,world
204,International agencies discussed safer migration policies,world
205,A major port expanded operations after new cargo deals,world
206,Archaeologists announced a new discovery from an ancient site,world
207,A weather alert prompted evacuation plans in coastal towns,world
208,New education support reached students in conflict zones,world
209,Global tourism recovered after travel restrictions eased,world
210,A city council approved new climate resilience projects,world
211,Ocean researchers highlighted rising sea levels near cities,world
212,A regional conference discussed peace and economic recovery,world
213,A humanitarian convoy reached communities cut off by floods,world
214,International banks reviewed risks from shifting currency markets,world
215,Global teams prepared for a major climate adaptation summit,world
216,A new ocean survey revealed changes in marine ecosystems,world
217,Aid agencies sent supplies to towns after heavy rainfall,world
218,World leaders discussed energy security and market stability,world
219,A regional transit project improved access between border cities,world
220,A flood relief package reached displaced families in several countries,world
221,Trade officials met to reduce barriers on key exports,world
